mutation,gene,rank,n_carriers,resistance_frac_str,odds_ratio,pvalue_fdr
Q445R,embB,37,56,100%,inf,2.4739321504117004e-36
D94A,gyrA,93,147,59%,9.21905925473427,5.359492024101564e-36
Q497K,embB,121,71,84%,20.181695220919742,1.1517317779595023e-20
D94H,gyrA,131,44,77%,21.039763313609463,4.728868811297009e-20
G406S,embB,6,99,75%,11.066326123393727,8.280389321105745e-20
D435G,rpoB,41,61,90%,14.673004897724,3.140694184731567e-16
G88C,gyrA,276,24,88%,43.01526717557252,8.071746179682832e-15
H445L,rpoB,126,76,82%,7.091847775682443,9.294842865855719e-14
H445R,rpoB,31,33,97%,49.39875322441961,1.1563131063123414e-11
I491L,rpoB,220,20,100%,inf,1.8391769506214245e-08
Q497P,embB,116,26,88%,27.829474621549423,2.1822196859482765e-08
Q432K,rpoB,275,14,100%,inf,4.613220943692998e-06
Q432P,rpoB,281,17,94%,25.41418470109278,6.878164848268782e-06
Q432L,rpoB,283,14,93%,20.63576017130621,9.184049364550712e-05
L449M,rpoB,278,9,100%,inf,0.0004275560987439
G406C,embB,160,17,73%,9.862997484835034,0.0007732358674036
S441L,rpoB,97,10,90%,14.274069319640564,0.0023230618772338
H445Q,rpoB,185,10,90%,14.274069319640564,0.0023230618772338
V170A,rpoB,66,6,100%,inf,0.0058342653267392
L430R,rpoB,140,11,82%,7.13607188703466,0.0075187638413883
H445P,rpoB,174,4,100%,inf,0.0336616984092216
Q432H,rpoB,293,4,100%,inf,0.0336616984092216
