gene,mutation,rank,emergence_score,n_carriers,n_phenotyped,resistant,susceptible,resistance_frac,odds_ratio,raw_pvalue,background_R,background_S,drug,pvalue_fdr,significant_fdr,significant_bonferroni,pvalue_bonferroni
katG,S315G,4,0.5868,4,4,3,1,0.75,3.130081300813008,0.3647484671408133,5907,6161,INH_BINARY_PHENOTYPE,0.4629499775248785,False,False,1.0
embB,G406S,6,0.5866,99,67,50,17,0.746268656716418,11.066326123393727,1.2546044425917796e-20,2261,8336,EMB_BINARY_PHENOTYPE,8.280389321105745e-20,True,True,4.1401946605528726e-19
embB,M306T,7,0.5842,3,3,1,2,0.3333333333333333,1.8438053097345133,0.5132668102921577,2261,8336,EMB_BINARY_PHENOTYPE,0.5645934913213735,False,False,1.0
rpoB,H445R,31,0.5143,33,32,31,1,0.96875,49.39875322441961,3.1535811990336582e-12,4683,7414,RIF_BINARY_PHENOTYPE,1.1563131063123414e-11,True,True,1.0406817956811072e-10
rpoB,I491V,34,0.4885,3,3,3,0,1.0,inf,0.057992105493038036,4683,7414,RIF_BINARY_PHENOTYPE,0.08320606440305457,False,False,1.0
embB,Q445R,37,0.4822,56,55,55,0,1.0,inf,7.496764092156667e-38,2261,8336,EMB_BINARY_PHENOTYPE,2.4739321504117004e-36,True,True,2.4739321504117004e-36
rpoB,D435G,41,0.477,61,61,55,6,0.9016393442622951,14.673004897723999,5.710353063148304e-17,4683,7414,RIF_BINARY_PHENOTYPE,3.140694184731567e-16,True,True,1.8844165108389404e-15
katG,L298S,60,0.4337,3,3,2,1,0.6666666666666666,2.0863674851820493,0.6172438202184335,5907,6161,INH_BINARY_PHENOTYPE,0.6570660021680098,False,False,1.0
rpoB,V170A,66,0.425,6,6,6,0,1.0,inf,0.0033591224608498877,4683,7414,RIF_BINARY_PHENOTYPE,0.005834265326739279,True,False,0.1108510412080463
gyrA,D94A,93,0.3643,147,147,87,60,0.5918367346938775,9.21905925473427,3.248176984303978e-37,1724,10468,MXF_BINARY_PHENOTYPE,5.359492024101564e-36,True,True,1.0718984048203128e-35
rpoB,S441L,97,0.3596,10,10,9,1,0.9,14.274069319640565,0.0012671246603093746,4683,7414,RIF_BINARY_PHENOTYPE,0.0023230618772338532,True,True,0.04181511379020936
embB,Q497P,116,0.331,26,17,15,2,0.8823529411764706,27.829474621549423,7.274065619827588e-09,2261,8336,EMB_BINARY_PHENOTYPE,2.1822196859482765e-08,True,True,2.400441654543104e-07
embB,Q497K,121,0.3287,71,51,43,8,0.8431372549019608,20.181695220919746,1.0470288890540931e-21,2261,8336,EMB_BINARY_PHENOTYPE,1.1517317779595025e-20,True,True,3.4551953338785074e-20
rpoB,H445L,126,0.3271,76,76,62,14,0.8157894736842105,7.091847775682443,2.253295240207447e-14,4683,7414,RIF_BINARY_PHENOTYPE,9.294842865855718e-14,True,True,7.435874292684574e-13
gyrA,D94H,131,0.3252,44,44,34,10,0.7727272727272727,21.039763313609466,5.731962195511526e-21,1724,10468,MXF_BINARY_PHENOTYPE,4.728868811297009e-20,True,True,1.8915475245188036e-19
rpoB,L430R,140,0.3179,11,11,9,2,0.8181818181818182,7.13607188703466,0.004556826570538388,4683,7414,RIF_BINARY_PHENOTYPE,0.00751876384138834,True,False,0.1503752768277668
embB,Q497H,149,0.3103,7,6,3,3,0.5,3.6904340124003543,0.11591852638227489,2261,8336,EMB_BINARY_PHENOTYPE,0.15301245482460285,False,False,1.0
rpoB,H445N,158,0.3002,56,56,19,37,0.3392857142857143,0.8122189513698947,0.4948174000100505,4683,7414,RIF_BINARY_PHENOTYPE,0.5630680758735057,False,False,1.0
embB,G406C,160,0.2982,17,11,8,3,0.7272727272727273,9.862997484835034,0.00037490223874113985,2261,8336,EMB_BINARY_PHENOTYPE,0.0007732358674036009,True,True,0.012371773878457615
rpoB,H445P,174,0.2846,4,4,4,0,1.0,inf,0.02244113227281446,4683,7414,RIF_BINARY_PHENOTYPE,0.03366169840922169,True,False,0.7405573650028772
embB,S297A,178,0.2838,28,19,2,17,0.10526315789473684,0.43324740254667604,0.39909772400169496,2261,8336,EMB_BINARY_PHENOTYPE,0.47036517471628336,False,False,1.0
rpoB,H445Q,185,0.28,10,10,9,1,0.9,14.274069319640565,0.0012671246603093746,4683,7414,RIF_BINARY_PHENOTYPE,0.0023230618772338532,True,True,0.04181511379020936
rpoB,I491L,220,0.2586,20,20,20,0,1.0,inf,5.573263486731589e-09,4683,7414,RIF_BINARY_PHENOTYPE,1.8391769506214245e-08,True,True,1.8391769506214244e-07
rpoB,D435A,239,0.2468,5,5,3,2,0.6,2.3756410256410256,0.3818279930246552,4683,7414,RIF_BINARY_PHENOTYPE,0.46667865814124526,False,False,1.0
rpoB,I491M,244,0.2437,9,9,6,3,0.6666666666666666,3.169125507804148,0.09777972139321624,4683,7414,RIF_BINARY_PHENOTYPE,0.13444711691567232,False,False,1.0
gyrA,L142V,251,0.2382,3,3,0,3,0.0,0.0,1.0,1724,10468,MXF_BINARY_PHENOTYPE,1.0,False,False,1.0
gyrA,G88A,266,0.2282,8,8,1,7,0.125,0.867341016499461,1.0,1724,10468,MXF_BINARY_PHENOTYPE,1.0,False,False,1.0
rpoB,Q432K,275,0.2239,14,14,14,0,1.0,inf,1.6775348886156356e-06,4683,7414,RIF_BINARY_PHENOTYPE,4.613220943692998e-06,True,True,5.5358651324315975e-05
gyrA,G88C,276,0.2231,24,24,21,3,0.875,43.01526717557252,1.7121885835690856e-15,1724,10468,MXF_BINARY_PHENOTYPE,8.071746179682832e-15,True,True,5.650222325777982e-14
rpoB,L449M,278,0.2207,9,9,9,0,1.0,inf,0.00019434368124723674,4683,7414,RIF_BINARY_PHENOTYPE,0.00042755609874392086,True,True,0.006413341481158813
rpoB,Q432P,281,0.218,17,17,16,1,0.9411764705882353,25.41418470109278,2.7095800917422475e-06,4683,7414,RIF_BINARY_PHENOTYPE,6.878164848268782e-06,True,True,8.941614302749417e-05
rpoB,Q432L,283,0.2172,14,14,13,1,0.9285714285714286,20.63576017130621,3.89626336677909e-05,4683,7414,RIF_BINARY_PHENOTYPE,9.184049364550712e-05,True,True,0.0012857669110370997
rpoB,Q432H,293,0.2101,4,4,4,0,1.0,inf,0.02244113227281446,4683,7414,RIF_BINARY_PHENOTYPE,0.03366169840922169,True,False,0.7405573650028772
